{
  "bos_token": {
    "content": "<s>",
    "lstrip": false,
    "normalized": true,
    "rstrip": false,
    "single_word": false
  },
  "cls_token": {
    "content": "[CLS]",
    "lstrip": false,
    "normalized": false,
    "rstrip": false,
    "single_word": false
  },
  "eos_token": {
    "content": "</s>",
    "lstrip": false,
    "normalized": true,
    "rstrip": false,
    "single_word": false
  },
  "mask_token": {
    "content": "[MASK]",
    "lstrip": true,
    "normalized": false,
    "rstrip": false,
    "single_word": false
  },
  "pad_token": {
    "content": "[PAD]",
    "lstrip": false,
    "normalized": false,
    "rstrip": false,
    "single_word": false
  },
  "sep_token": {
    "content": "[SEP]",
    "lstrip": false,
    "normalized": false,
    "rstrip": false,
    "single_word": false
  },
  "unk_token": {
    "content": "[UNK]",
    "lstrip": false,
    "normalized": false,
    "rstrip": false,
    "single_word": false
  }
}
