{
  "best_metric": 0.5331119894981384,
  "best_model_checkpoint": "/home/u111169/wrkdir/mgh-project/checkpoints/fine_tuning_chemberta_final_chemapp_dataset/checkpoint-60",
  "epoch": 3.4210526315789473,
  "eval_steps": 5,
  "global_step": 65,
  "is_hyper_param_search": false,
  "is_local_process_zero": true,
  "is_world_process_zero": true,
  "log_history": [
    {
      "epoch": 0.2631578947368421,
      "grad_norm": 0.6748857498168945,
      "learning_rate": 0.0001,
      "loss": 0.6962,
      "step": 5
    },
    {
      "epoch": 0.2631578947368421,
      "eval_loss": 0.6809625625610352,
      "eval_runtime": 0.2955,
      "eval_samples_per_second": 1059.082,
      "eval_steps_per_second": 10.151,
      "step": 5
    },
    {
      "epoch": 0.5263157894736842,
      "grad_norm": 0.5291601419448853,
      "learning_rate": 0.0002,
      "loss": 0.6662,
      "step": 10
    },
    {
      "epoch": 0.5263157894736842,
      "eval_loss": 0.6269654631614685,
      "eval_runtime": 0.3052,
      "eval_samples_per_second": 1025.429,
      "eval_steps_per_second": 9.828,
      "step": 10
    },
    {
      "epoch": 0.7894736842105263,
      "grad_norm": 0.5121968388557434,
      "learning_rate": 0.0003,
      "loss": 0.6318,
      "step": 15
    },
    {
      "epoch": 0.7894736842105263,
      "eval_loss": 0.5905097723007202,
      "eval_runtime": 0.2927,
      "eval_samples_per_second": 1069.217,
      "eval_steps_per_second": 10.248,
      "step": 15
    },
    {
      "epoch": 1.0526315789473684,
      "grad_norm": 0.657050371170044,
      "learning_rate": 0.0004,
      "loss": 0.6382,
      "step": 20
    },
    {
      "epoch": 1.0526315789473684,
      "eval_loss": 0.5722494125366211,
      "eval_runtime": 0.2948,
      "eval_samples_per_second": 1061.825,
      "eval_steps_per_second": 10.177,
      "step": 20
    },
    {
      "epoch": 1.3157894736842106,
      "grad_norm": 0.6808446049690247,
      "learning_rate": 0.0005,
      "loss": 0.5891,
      "step": 25
    },
    {
      "epoch": 1.3157894736842106,
      "eval_loss": 0.5823670625686646,
      "eval_runtime": 0.331,
      "eval_samples_per_second": 945.574,
      "eval_steps_per_second": 9.063,
      "step": 25
    },
    {
      "epoch": 1.5789473684210527,
      "grad_norm": 0.3957819640636444,
      "learning_rate": 0.0006,
      "loss": 0.5781,
      "step": 30
    },
    {
      "epoch": 1.5789473684210527,
      "eval_loss": 0.5625107288360596,
      "eval_runtime": 0.3252,
      "eval_samples_per_second": 962.487,
      "eval_steps_per_second": 9.225,
      "step": 30
    },
    {
      "epoch": 1.8421052631578947,
      "grad_norm": 0.4021763503551483,
      "learning_rate": 0.0007,
      "loss": 0.5988,
      "step": 35
    },
    {
      "epoch": 1.8421052631578947,
      "eval_loss": 0.5561835765838623,
      "eval_runtime": 0.2954,
      "eval_samples_per_second": 1059.654,
      "eval_steps_per_second": 10.156,
      "step": 35
    },
    {
      "epoch": 2.1052631578947367,
      "grad_norm": 0.32274097204208374,
      "learning_rate": 0.0008,
      "loss": 0.5793,
      "step": 40
    },
    {
      "epoch": 2.1052631578947367,
      "eval_loss": 0.5432701110839844,
      "eval_runtime": 0.2925,
      "eval_samples_per_second": 1070.099,
      "eval_steps_per_second": 10.257,
      "step": 40
    },
    {
      "epoch": 2.3684210526315788,
      "grad_norm": 0.7312544584274292,
      "learning_rate": 0.0009000000000000001,
      "loss": 0.5384,
      "step": 45
    },
    {
      "epoch": 2.3684210526315788,
      "eval_loss": 0.5439343452453613,
      "eval_runtime": 0.2927,
      "eval_samples_per_second": 1069.49,
      "eval_steps_per_second": 10.251,
      "step": 45
    },
    {
      "epoch": 2.6315789473684212,
      "grad_norm": 0.7073442339897156,
      "learning_rate": 0.001,
      "loss": 0.5602,
      "step": 50
    },
    {
      "epoch": 2.6315789473684212,
      "eval_loss": 0.5485842227935791,
      "eval_runtime": 0.3368,
      "eval_samples_per_second": 929.33,
      "eval_steps_per_second": 8.907,
      "step": 50
    },
    {
      "epoch": 2.8947368421052633,
      "grad_norm": 0.835803747177124,
      "learning_rate": 0.0011,
      "loss": 0.5642,
      "step": 55
    },
    {
      "epoch": 2.8947368421052633,
      "eval_loss": 0.581717848777771,
      "eval_runtime": 0.3352,
      "eval_samples_per_second": 933.753,
      "eval_steps_per_second": 8.95,
      "step": 55
    },
    {
      "epoch": 3.1578947368421053,
      "grad_norm": 1.4125382900238037,
      "learning_rate": 0.0012,
      "loss": 0.5353,
      "step": 60
    },
    {
      "epoch": 3.1578947368421053,
      "eval_loss": 0.5331119894981384,
      "eval_runtime": 0.3185,
      "eval_samples_per_second": 982.751,
      "eval_steps_per_second": 9.419,
      "step": 60
    },
    {
      "epoch": 3.4210526315789473,
      "grad_norm": 0.9505351185798645,
      "learning_rate": 0.0013000000000000002,
      "loss": 0.5353,
      "step": 65
    },
    {
      "epoch": 3.4210526315789473,
      "eval_loss": 0.5562981367111206,
      "eval_runtime": 0.2949,
      "eval_samples_per_second": 1061.312,
      "eval_steps_per_second": 10.172,
      "step": 65
    }
  ],
  "logging_steps": 5,
  "max_steps": 3800,
  "num_input_tokens_seen": 0,
  "num_train_epochs": 200,
  "save_steps": 5,
  "stateful_callbacks": {
    "TrainerControl": {
      "args": {
        "should_epoch_stop": false,
        "should_evaluate": false,
        "should_log": false,
        "should_save": true,
        "should_training_stop": false
      },
      "attributes": {}
    }
  },
  "total_flos": 76668583280640.0,
  "train_batch_size": 128,
  "trial_name": null,
  "trial_params": null
}
